{"learner":{"attributes":{},"gradient_booster":{"model":{"gbtree_model_param":{"num_trees":"10","size_leaf_vector":"0"},"tree_info":[0,0,0,0,0,0,0,0,0,0],"trees":[{"base_weights":[-6.886447E-2,-4.909091E-1,6.693712E-1,8.90511E-1,-7.4833554E-1,1.2440945E0,2.4291499E-2],"categories":[],"categories_nodes":[],"categories_segments":[],"categories_sizes":[],"default_left":[true,true,true,false,false,false,false],"id":0,"left_children":[1,3,5,-1,-1,-1,-1],"loss_changes":[1.06622986E2,7.928355E1,4.3096775E1,0E0,0E0,0E0,0E0],"parents":[2147483647,0,0,1,1,2,2],"right_children":[2,4,6,-1,-1,-1,-1],"split_conditions":[2.9754445E-1,-9.8539966E-1,-3.702014E-1,8.90511E-1,-7.4833554E-1,1.2440945E0,2.4291499E-2],"split_indices":[15,21,8,0,0,0,0],"split_type":[0,0,0,0,0,0,0],"sum_hessian":[3.3925E2,2.18E2,1.2125E2,3.225E1,1.8575E2,6.15E1,5.975E1],"tree_param":{"num_deleted":"0","num_feature":"35","num_nodes":"7","size_leaf_vector":"0"}},{"base_weights":[3.0656582E-2,4.037257E-1,-4.8768497E-1,1.106268E0,9.9949576E-2,1.4102781E-1,-7.139732E-1],"categories":[],"categories_nodes":[],"categories_segments":[],"categories_sizes":[],"default_left":[true,true,true,false,false,false,false],"id":1,"left_children":[1,3,5,-1,-1,-1,-1],"loss_changes":[5.689937E1,3.444841E1,1.8607147E1,0E0,0E0,0E0,0E0],"parents":[2147483647,0,0,1,1,2,2],"right_children":[2,4,6,-1,-1,-1,-1],"split_conditions":[-8.2838446E-2,-9.52029E-1,-1.1606116E0,1.106268E0,9.9949576E-2,1.4102781E-1,-7.139732E-1],"split_indices":[20,5,12,0,0,0,0],"split_type":[0,0,0,0,0,0,0],"sum_hessian":[2.910723E2,1.7175482E2,1.1931746E2,4.8265076E1,1.2348975E2,2.9439337E1,8.987812E1],"tree_param":{"num_deleted":"0","num_feature":"35","num_nodes":"7","size_leaf_vector":"0"}},{"base_weights":[3.1002094E-3,-1.9623677E-1,6.053095E-1,4.3868566E-1,-4.0772837E-1,1.0399711E0,-0E0],"categories":[],"categories_nodes":[],"categories_segments":[],"categories_sizes":[],"default_left":[true,true,true,false,false,false,false],"id":2,"left_children":[1,3,5,-1,-1,-1,-1],"loss_changes":[3.3957253E1,2.781475E1,1.7579786E1,0E0,0E0,0E0,0E0],"parents":[2147483647,0,0,1,1,2,2],"right_children":[2,4,6,-1,-1,-1,-1],"split_conditions":[6.254825E-1,-7.7723527E-1,2.0170015E-1,4.3868566E-1,-4.0772837E-1,1.0399711E0,-0E0],"split_indices":[13,24,0,0,0,0,0],"split_type":[0,0,0,0,0,0,0],"sum_hessian":[2.7208228E2,2.0293578E2,6.91465E1,4.780737E1,1.5512842E2,3.8357113E1,3.0789385E1],"tree_param":{"num_deleted":"0","num_feature":"35","num_nodes":"7","size_leaf_vector":"0"}},{"base_weights":[1.9664792E-2,1.5015016E-1,-8.791661E-1,-7.197209E-2,1.227691E0,-1.1516316E0,2.5180146E-1],"categories":[],"categories_nodes":[],"categories_segments":[],"categories_sizes":[],"default_left":[true,true,true,false,false,false,false],"id":3,"left_children":[1,3,5,-1,-1,-1,-1],"loss_changes":[2.796264E1,5.5320137E1,1.158197E1,0E0,0E0,0E0,0E0],"parents":[2147483647,0,0,1,1,2,2],"right_children":[2,4,6,-1,-1,-1,-1],"split_conditions":[1.1293461E0,3.5154396E-1,1.3708427E0,-7.197209E-2,1.227691E0,-1.1516316E0,2.5180146E-1],"split_indices":[11,11,12,0,0,0,0],"split_type":[0,0,0,0,0,0,0],"sum_hessian":[2.4659819E2,2.1873494E2,2.7863247E1,1.8136006E2,3.7374886E1,2.3849447E1,4.0138006E0],"tree_param":{"num_deleted":"0","num_feature":"35","num_nodes":"7","size_leaf_vector":"0"}},{"base_weights":[-2.6629327E-2,1.4622459E-1,-5.3002006E-1,4.3860212E-1,-2.082153E-1,-8.9564186E-1,2.3026572E-1],"categories":[],"categories_nodes":[],"categories_segments":[],"categories_sizes":[],"default_left":[true,true,true,false,false,false,false],"id":4,"left_children":[1,3,5,-1,-1,-1,-1],"loss_changes":[2.1983734E1,1.9171143E1,1.9883707E1,0E0,0E0,0E0,0E0],"parents":[2147483647,0,0,1,1,2,2],"right_children":[2,4,6,-1,-1,-1,-1],"split_conditions":[8.07627E-1,-2.714855E-1,5.8214617E-1,4.3860212E-1,-2.082153E-1,-8.9564186E-1,2.3026572E-1],"split_indices":[9,11,8,0,0,0,0],"split_type":[0,0,0,0,0,0,0],"sum_hessian":[2.4004572E2,1.7678679E2,6.3258926E1,9.9706604E1,7.708019E1,4.4252434E1,1.9006493E1],"tree_param":{"num_deleted":"0","num_feature":"35","num_nodes":"7","size_leaf_vector":"0"}},{"base_weights":[-0E0,-1.4930817E-1,4.8921892E-1,-3.4187216E-1,1.816627E-1,8.8166064E-1,-1.2047092E-1],"categories":[],"categories_nodes":[],"categories_segments":[],"categories_sizes":[],"default_left":[true,true,true,false,false,false,false],"id":5,"left_children":[1,3,5,-1,-1,-1,-1],"loss_changes":[1.6533607E1,1.1970234E1,1.42333975E1,0E0,0E0,0E0,0E0],"parents":[2147483647,0,0,1,1,2,2],"right_children":[2,4,6,-1,-1,-1,-1],"split_conditions":[9.4361573E-1,2.4172729E-1,2.317453E-1,-3.4187216E-1,1.816627E-1,8.8166064E-1,-1.2047092E-1],"split_indices":[3,27,2,0,0,0,0],"split_type":[0,0,0,0,0,0,0],"sum_hessian":[2.2907866E2,1.7884181E2,5.0236843E1,1.16839645E2,6.2002163E1,3.2016705E1,1.8220139E1],"tree_param":{"num_deleted":"0","num_feature":"35","num_nodes":"7","size_leaf_vector":"0"}},{"base_weights":[-0E0,3.4039947E-1,-2.4781038E-1,5.2214867E-1,-1.682165E-1,-4.1766715E-1,3.3837387E-1],"categories":[],"categories_nodes":[],"categories_segments":[],"categories_sizes":[],"default_left":[true,true,true,false,false,false,false],"id":6,"left_children":[1,3,5,-1,-1,-1,-1],"loss_changes":[1.99137E1,1.0240507E1,1.3711993E1,0E0,0E0,0E0,0E0],"parents":[2147483647,0,0,1,1,2,2],"right_children":[2,4,6,-1,-1,-1,-1],"split_conditions":[-3.2274345E-1,7.4335265E-1,1.3731415E0,5.2214867E-1,-1.682165E-1,-4.1766715E-1,3.3837387E-1],"split_indices":[0,2,13,0,0,0,0],"split_type":[0,0,0,0,0,0,0],"sum_hessian":[2.3050569E2,9.922154E1,1.3128415E2,7.595776E1,2.3263779E1,1.048802E2,2.6403948E1],"tree_param":{"num_deleted":"0","num_feature":"35","num_nodes":"7","size_leaf_vector":"0"}},{"base_weights":[-0E0,-1.6672061E-1,2.864774E-1,3.566327E-1,-3.7699422E-1,4.2414442E-1,-6.0811794E-1],"categories":[],"categories_nodes":[],"categories_segments":[],"categories_sizes":[],"default_left":[true,true,true,false,false,false,false],"id":7,"left_children":[1,3,5,-1,-1,-1,-1],"loss_changes":[1.0598217E1,1.54486685E1,1.0313829E1,0E0,0E0,0E0,0E0],"parents":[2147483647,0,0,1,1,2,2],"right_children":[2,4,6,-1,-1,-1,-1],"split_conditions":[2.9754445E-1,-9.8680586E-1,1.0883942E0,3.566327E-1,-3.7699422E-1,4.2414442E-1,-6.0811794E-1],"split_indices":[15,9,25,0,0,0,0],"split_type":[0,0,0,0,0,0,0],"sum_hessian":[2.1611328E2,1.3556844E2,8.0544846E1,3.5731716E1,9.983672E1,7.2652016E1,7.892826E0],"tree_param":{"num_deleted":"0","num_feature":"35","num_nodes":"7","size_leaf_vector":"0"}},{"base_weights":[-0E0,-8.5899286E-2,7.241571E-1,2.685614E-1,-2.7217618E-1,1.1795754E0,-5.960787E-1],"categories":[],"categories_nodes":[],"categories_segments":[],"categories_sizes":[],"default_left":[true,true,true,false,false,false,false],"id":8,"left_children":[1,3,5,-1,-1,-1,-1],"loss_changes":[1.2649323E1,1.236037E1,1.5512362E1,0E0,0E0,0E0,0E0],"parents":[2147483647,0,0,1,1,2,2],"right_children":[2,4,6,-1,-1,-1,-1],"split_conditions":[1.5652535E0,-3.0818498E-1,9.544528E-1,2.685614E-1,-2.7217618E-1,1.1795754E0,-5.960787E-1],"split_indices":[0,23,2,0,0,0,0],"split_type":[0,0,0,0,0,0,0],"sum_hessian":[2.0239583E2,1.828758E2,1.9520035E1,5.899528E1,1.23880516E2,1.5798329E1,3.7217054E0],"tree_param":{"num_deleted":"0","num_feature":"35","num_nodes":"7","size_leaf_vector":"0"}},{"base_weights":[-0E0,-6.978545E-1,5.9598733E-2,-0E0,-1.0607941E0,4.4043443E-1,-4.1238744E-2],"categories":[],"categories_nodes":[],"categories_segments":[],"categories_sizes":[],"default_left":[true,true,true,false,false,false,false],"id":9,"left_children":[1,3,5,-1,-1,-1,-1],"loss_changes":[8.622385E0,5.014085E0,8.135186E0,0E0,0E0,0E0,0E0],"parents":[2147483647,0,0,1,1,2,2],"right_children":[2,4,6,-1,-1,-1,-1],"split_conditions":[-1.3900005E0,-1.63587E0,-1.0280333E0,-0E0,-1.0607941E0,4.4043443E-1,-4.1238744E-2],"split_indices":[2,2,18,0,0,0,0],"split_type":[0,0,0,0,0,0,0],"sum_hessian":[2.0242247E2,1.4318519E1,1.8810396E2,4.800346E0,9.518173E0,4.2121372E1,1.4598259E2],"tree_param":{"num_deleted":"0","num_feature":"35",