{"learner":{"attributes":{},"gradient_booster":{"model":{"gbtree_model_param":{"num_trees":"10","size_leaf_vector":"0"},"tree_info":[0,0,0,0,0,0,0,0,0,0],"trees":[{"base_weights":[-6.886447E-2,-5.378347E-1,7.003891E-1,3.4545454E-1,-8.438949E-1,1.3809524E0,1.4814815E-2],"categories":[],"categories_nodes":[],"categories_segments":[],"categories_sizes":[],"default_left":[true,true,true,false,false,false,false],"id":0,"left_children":[1,3,5,-1,-1,-1,-1],"loss_changes":[1.23536606E2,5.963538E1,5.7122658E1,0E0,0E0,0E0,0E0],"parents":[2147483647,0,0,1,1,2,2],"right_children":[2,4,6,-1,-1,-1,-1],"split_conditions":[2.6287487E-1,-8.8083994E-1,-4.697032E-1,3.4545454E-1,-8.438949E-1,1.3809524E0,1.4814815E-2],"split_indices":[17,29,13,0,0,0,0],"split_type":[0,0,0,0,0,0,0],"sum_hessian":[3.3925E2,2.1275E2,1.265E2,5.3E1,1.5975E2,6.1E1,6.55E1],"tree_param":{"num_deleted":"0","num_feature":"37","num_nodes":"7","size_leaf_vector":"0"}},{"base_weights":[2.6505455E-2,3.6608207E-1,-5.1733917E-1,6.1507684E-1,-3.840273E-1,-6.111941E-1,1.259006E0],"categories":[],"categories_nodes":[],"categories_segments":[],"categories_sizes":[],"default_left":[true,true,true,false,false,false,false],"id":1,"left_children":[1,3,5,-1,-1,-1,-1],"loss_changes":[5.4091255E1,3.520584E1,1.8747831E1,0E0,0E0,0E0,0E0],"parents":[2147483647,0,0,1,1,2,2],"right_children":[2,4,6,-1,-1,-1,-1],"split_conditions":[1.4637947E-2,8.108968E-1,3.8154554E0,6.1507684E-1,-3.840273E-1,-6.111941E-1,1.259006E0],"split_indices":[22,11,26,0,0,0,0],"split_type":[0,0,0,0,0,0,0],"sum_hessian":[2.904837E2,1.814916E2,1.0899211E2,1.3853271E2,4.2958878E1,1.0583783E2,3.154283E0],"tree_param":{"num_deleted":"0","num_feature":"37","num_nodes":"7","size_leaf_vector":"0"}},{"base_weights":[-0E0,4.280583E-1,-3.6978632E-1,1.6129342E-1,1.0424819E0,-5.8698314E-1,3.4075582E-1],"categories":[],"categories_nodes":[],"categories_segments":[],"categories_sizes":[],"default_left":[true,true,true,false,false,false,false],"id":2,"left_children":[1,3,5,-1,-1,-1,-1],"loss_changes":[4.334501E1,1.7760761E1,2.3941492E1,0E0,0E0,0E0,0E0],"parents":[2147483647,0,0,1,1,2,2],"right_children":[2,4,6,-1,-1,-1,-1],"split_conditions":[-2.2870684E-1,6.92368E-1,1.0575545E0,1.6129342E-1,1.0424819E0,-5.8698314E-1,3.4075582E-1],"split_indices":[0,1,28,0,0,0,0],"split_type":[0,0,0,0,0,0,0],"sum_hessian":[2.704505E2,1.230993E2,1.4735121E2,8.986335E1,3.3235947E1,1.1527636E2,3.207486E1],"tree_param":{"num_deleted":"0","num_feature":"37","num_nodes":"7","size_leaf_vector":"0"}},{"base_weights":[1.617515E-2,6.0728216E-1,-1.6354537E-1,9.5921725E-1,-3.382461E-1,8.698089E-1,-2.9172984E-1],"categories":[],"categories_nodes":[],"categories_segments":[],"categories_sizes":[],"default_left":[true,true,true,false,false,false,false],"id":3,"left_children":[1,3,5,-1,-1,-1,-1],"loss_changes":[2.8190207E1,2.2690132E1,2.513217E1,0E0,0E0,0E0,0E0],"parents":[2147483647,0,0,1,1,2,2],"right_children":[2,4,6,-1,-1,-1,-1],"split_conditions":[-9.761709E-1,7.528052E-1,-1.5023786E0,9.5921725E-1,-3.382461E-1,8.698089E-1,-2.9172984E-1],"split_indices":[11,20,9,0,0,0,0],"split_type":[0,0,0,0,0,0,0],"sum_hessian":[2.5313565E2,6.0504517E1,1.9263113E2,4.561312E1,1.4891395E1,1.8259457E1,1.7437167E2],"tree_param":{"num_deleted":"0","num_feature":"37","num_nodes":"7","size_leaf_vector":"0"}},{"base_weights":[7.80332E-3,-9.2379645E-2,7.343547E-1,-2.5796598E-1,5.7781833E-1,3.287958E-1,1.8323425E0],"categories":[],"categories_nodes":[],"categories_segments":[],"categories_sizes":[],"default_left":[true,true,true,false,false,false,false],"id":4,"left_children":[1,3,5,-1,-1,-1,-1],"loss_changes":[1.9048393E1,2.3207623E1,8.7185135E0,0E0,0E0,0E0,0E0],"parents":[2147483647,0,0,1,1,2,2],"right_children":[2,4,6,-1,-1,-1,-1],"split_conditions":[1.0783261E0,1.2451341E0,1.4147427E0,-2.5796598E-1,5.7781833E-1,3.287958E-1,1.8323425E0],"split_indices":[36,3,0,0,0,0,0],"split_type":[0,0,0,0,0,0,0],"sum_hessian":[2.4019305E2,2.1020166E2,2.9991386E1,1.7193575E2,3.8265923E1,2.5129745E1,4.861642E0],"tree_param":{"num_deleted":"0","num_feature":"37","num_nodes":"7","size_leaf_vector":"0"}},{"base_weights":[2.2322856E-2,1.4207484E-1,-6.7500764E-1,-0E0,7.1393204E-1,-1.0555408E0,1.0704596E-1],"categories":[],"categories_nodes":[],"categories_segments":[],"categories_sizes":[],"default_left":[true,true,true,false,false,false,false],"id":5,"left_children":[1,3,5,-1,-1,-1,-1],"loss_changes":[1.887104E1,1.7632133E1,1.1810998E1,0E0,0E0,0E0,0E0],"parents":[2147483647,0,0,1,1,2,2],"right_children":[2,4,6,-1,-1,-1,-1],"split_conditions":[1.0351408E0,6.9573355E-1,1.2193394E0,-0E0,7.1393204E-1,-1.0555408E0,1.0704596E-1],"split_indices":[13,0,2,0,0,0,0],"split_type":[0,0,0,0,0,0,0],"sum_hessian":[2.3444931E2,2.0389516E2,3.0554148E1,1.63148E2,4.0747158E1,2.1803108E1,8.751038E0],"tree_param":{"num_deleted":"0","num_feature":"37","num_nodes":"7","size_leaf_vector":"0"}},{"base_weights":[-7.829816E-3,-1.8721461E-1,2.785801E-1,6.6686714E-1,-2.8930458E-1,7.781097E-1,2.9288251E-2],"categories":[],"categories_nodes":[],"categories_segments":[],"categories_sizes":[],"default_left":[true,true,true,false,false,false,false],"id":6,"left_children":[1,3,5,-1,-1,-1,-1],"loss_changes":[1.1823366E1,1.2529209E1,9.014648E0,0E0,0E0,0E0,0E0],"parents":[2147483647,0,0,1,1,2,2],"right_children":[2,4,6,-1,-1,-1,-1],"split_conditions":[2.6287487E-1,-8.45357E-1,-8.8083994E-1,6.6686714E-1,-2.8930458E-1,7.781097E-1,2.9288251E-2],"split_indices":[17,13,29,0,0,0,0],"split_type":[0,0,0,0,0,0,0],"sum_hessian":[2.2965332E2,1.459299E2,8.372342E1,1.2307856E1,1.3362206E2,2.3789288E1,5.993413E1],"tree_param":{"num_deleted":"0","num_feature":"37","num_nodes":"7","size_leaf_vector":"0"}},{"base_weights":[2.8239902E-2,-9.453359E-2,4.898254E-1,-5.8997035E-1,5.101639E-2,9.436829E-1,4.7199868E-2],"categories":[],"categories_nodes":[],"categories_segments":[],"categories_sizes":[],"default_left":[true,true,true,false,false,false,false],"id":7,"left_children":[1,3,5,-1,-1,-1,-1],"loss_changes":[1.3117278E1,1.3308863E1,7.7933216E0,0E0,0E0,0E0,0E0],"parents":[2147483647,0,0,1,1,2,2],"right_children":[2,4,6,-1,-1,-1,-1],"split_conditions":[7.4396074E-1,-8.709658E-1,-1.7464969E-1,-5.8997035E-1,5.101639E-2,9.436829E-1,4.7199868E-2],"split_indices":[15,3,9,0,0,0,0],"split_type":[0,0,0,0,0,0,0],"sum_hessian":[2.1388115E2,1.6677853E2,4.7102608E1,3.960421E1,1.2717433E2,1.9907461E1,2.7195147E1],"tree_param":{"num_deleted":"0","num_feature":"37","num_nodes":"7","size_leaf_vector":"0"}},{"base_weights":[1.5621465E-2,-7.851133E-1,9.3604766E-2,-1.1727458E0,1.5460175E-1,-0E0,7.057438E-1],"categories":[],"categories_nodes":[],"categories_segments":[],"categories_sizes":[],"default_left":[true,true,true,false,false,false,false],"id":8,"left_children":[1,3,5,-1,-1,-1,-1],"loss_changes":[1.1777227E1,8.384397E0,1.0943273E1,0E0,0E0,0E0,0E0],"parents":[2147483647,0,0,1,1,2,2],"right_children":[2,4,6,-1,-1,-1,-1],"split_conditions":[-1.2589163E0,1.4213266E0,1.0242963E0,-1.1727458E0,1.5460175E-1,-0E0,7.057438E-1],"split_indices":[1,2,25,0,0,0,0],"split_type":[0,0,0,0,0,0,0],"sum_hessian":[2.0639915E2,1.4431736E1,1.9196742E2,1.1372799E1,3.058937E0,1.6858409E2,2.3383333E1],"tree_param":{"num_deleted":"0","num_feature":"37","num_nodes":"7","size_leaf_vector":"0"}},{"base_weights":[-0E0,6.270187E-1,-6.5239914E-2,9.014128E-1,-0E0,3.1241104E-1,-1.7798594E-1],"categories":[],"categories_nodes":[],"categories_segments":[],"categories_sizes":[],"default_left":[true,true,true,false,false,false,false],"id":9,"left_children":[1,3,5,-1,-1,-1,-1],"loss_changes":[8.139421E0,4.936266E0,7.889392E0,0E0,0E0,0E0,0E0],"parents":[2147483647,0,0,1,1,2,2],"right_children":[2,4,6,-1,-1,-1,-1],"split_conditions":[-1.6346613E0,-1.9332412E-1,-1.0821283E0,9.014128E-1,-0E0,3.1241104E-1,-1.7798594E-1],"split_indices":[25,18,7,0,0,0,0],"split_type":[0,0,0,0,0,0,0],"sum_hessian":[2.0364917E2,1.6656946E1,1.8699222E2,1.3102289E1,3.5546582E0,3.809832E1,1.488939E2],"tree_param":{"num_deleted":"0","num_feature":"37",